<codegen>
	<task name="Jawin coclass"
		xpath="//coclass"
		fileNameXPath="concat(@name, '.java')"
		saveDirectoryXPath="@saveDirectory"
		javaEncodingXPath="@javaEncoding"
		packageNameXPath="@packageName"
		stylesheet="stylesheets/codegen/jawin/coclass.xsl"
		icon="images/coclass.png"/>
		
	<task name="Jawin Enum"
		xpath="//enum"
		fileNameXPath="concat(@name, '.java')"
		saveDirectoryXPath="@saveDirectory"
		javaEncodingXPath="@javaEncoding"
		packageNameXPath="@packageName"
		stylesheet="stylesheets/codegen/jawin/enum.xsl"
		icon="images/enum.png"/>
		
	<task name="Jawin Alias"
		xpath="//alias"
		fileNameXPath="concat(@name, '.java')"
		saveDirectoryXPath="@saveDirectory"
		javaEncodingXPath="@javaEncoding"
		packageNameXPath="@packageName"
		stylesheet="stylesheets/codegen/jawin/alias.xsl"
		icon="images/alias.png"/>
		
	<task name="Jawin Dispatch"
		xpath="//dispatch"
		fileNameXPath="concat(@name, '.java')"
		saveDirectoryXPath="@saveDirectory"
		javaEncodingXPath="@javaEncoding"
		packageNameXPath="@packageName"
		stylesheet="stylesheets/codegen/jawin/dispatch.xsl"
		icon="images/dispatch.png"/>

	<task name="Jawin Interface"
		xpath="//interface"
		fileNameXPath="concat(@name, '.java')"
		saveDirectoryXPath="@saveDirectory"
		javaEncodingXPath="@javaEncoding"
		packageNameXPath="@packageName"
		stylesheet="stylesheets/codegen/jawin/interface.xsl"
		icon="images/interface.png"/>

	<task name="Jawin Module"
		xpath="//module"
		fileNameXPath="concat(@name, '.java')"
		saveDirectoryXPath="@saveDirectory"
		javaEncodingXPath="@javaEncoding"
		packageNameXPath="@packageName"
		stylesheet="stylesheets/codegen/jawin/module.xsl"
		icon="images/module.png"/>
		
	<task name="Jawin Record"
		xpath="//record"
		fileNameXPath="concat(@name, '.java')"
		saveDirectoryXPath="@saveDirectory"
		javaEncodingXPath="@javaEncoding"
		packageNameXPath="@packageName"
		stylesheet="stylesheets/codegen/jawin/record.xsl"
		icon="images/record.png"/>
		
	<task name="Jawin Union"
		xpath="//union"
		fileNameXPath="concat(@name, '.java')"
		saveDirectoryXPath="@saveDirectory"
		javaEncodingXPath="@javaEncoding"
		packageNameXPath="@packageName"
		stylesheet="stylesheets/codegen/jawin/union.xsl"
		icon="images/union.png"/>
</codegen>