<popup>
	<basedata class="org.jawin.browser.data.DataCollection">
		<action display="Remove this collection" class="org.jawin.browser.popup.actions.RemoveNodeAction">
			<param name="test" value="test value"/>
		</action>
	</basedata>
	<basedata class="org.jawin.browser.data.LibraryNode">
		<action display="Remove this library" class="org.jawin.browser.popup.actions.RemoveNodeAction"/>
	</basedata>
	<basedata class="org.jawin.browser.data.InterfaceNode">
		<action display="Remove this interface" class="org.jawin.browser.popup.actions.RemoveNodeAction"/>
	</basedata>
	<basedata class="org.jawin.browser.data.FunctionNode">
		<action display="Remove this function" class="org.jawin.browser.popup.actions.RemoveNodeAction"/>
	</basedata>
	<basedata class="org.jawin.browser.data.EnumNode">
		<action display="Remove this enumeration" class="org.jawin.browser.popup.actions.RemoveNodeAction"/>
	</basedata>
	<basedata class="org.jawin.browser.data.AliasNode">
		<action display="Remove this alias" class="org.jawin.browser.popup.actions.RemoveNodeAction"/>
	</basedata>
	<basedata class="org.jawin.browser.data.CoClassNode">
		<action display="Remove this CoClass interface" class="org.jawin.browser.popup.actions.RemoveNodeAction"/>
	</basedata>
	<basedata class="org.jawin.browser.data.ModuleNode">
		<action display="Remove this module" class="org.jawin.browser.popup.actions.RemoveNodeAction"/>
	</basedata>
	<basedata class="org.jawin.browser.data.RecordNode">
		<action display="Remove this record" class="org.jawin.browser.popup.actions.RemoveNodeAction"/>
	</basedata>
	<basedata class="org.jawin.browser.data.UnionNode">
		<action display="Remove this union" class="org.jawin.browser.popup.actions.RemoveNodeAction"/>
	</basedata>
</popup>