<config>
	<item name="apply-imports">apply-imports/&gt;|</item>
	<item name="apply-templates">apply-templates select=&quot;|&quot;/&gt;</item>
	<item name="attribute">attribute name=&quot;|&quot;&gt;

&lt;/xsl:attribute&gt;</item>
	<item name="attribute-set">attribute-set name=&quot;|&quot;&gt;

&lt;/xsl:attribute-set&gt;</item>
	<item name="call-template">call-template name=&quot;|&quot;/&gt;</item>
	<item name="call-template-params">call-template name=&quot;|&quot;&gt;
	&lt;xsl:with-param name=&quot;&quot; select=&quot;&quot;/&gt;
&lt;/xsl:call-template&gt;</item>
	<item name="choose">choose&gt;
	&lt;xsl:when test=&quot;|&quot;&gt;

	&lt;/xsl:when&gt;
	&lt;xsl:otherwise&gt;

	&lt;/xsl:otherwise&gt;
&lt;/xsl:choose&gt;</item>
	<item name="comment">comment&gt;
	|
&lt;/xsl:comment&gt;</item>
	<item name="copy">copy&gt;
	|
&lt;/xsl:copy&gt;</item>
	<item name="copy-of">copy-of select=&quot;|&quot;/&gt;</item>
	<item name="decimal-format">decimal-format name=&quot;|&quot;
	decimal-separator=&quot;&quot;
	grouping-separator=&quot;&quot;
	infinity=&quot;&quot;
	minus-sign=&quot;&quot;
	NaN=&quot;&quot;
	percent=&quot;&quot;
	per-mille=&quot;&quot;
	zero-digit=&quot;&quot;
	digit=&quot;&quot;
	pattern-separator=&quot;&quot;/&gt;</item>
	<item name="element">element name=&quot;|&quot;&gt;

&lt;/xsl:element&gt;</item>
	<item name="fall-back">fall-back&gt;
	|
&lt;/xsl:fall-back&gt;</item>
	<item name="for-each">for-each select=&quot;|&quot;&gt;

&lt;/xsl:for-each&gt;</item>
	<item name="if">if test=&quot;|&quot;&gt;

&lt;/xsl:if&gt;</item>
	<item name="import">import href=&quot;|&quot;/&gt;</item>
	<item name="include">include href=&quot;|&quot;/&gt;</item>
	<item name="key">key name=&quot;|&quot; match=&quot;&quot; use=&quot;&quot;/&gt;</item>
	<item name="message">message&gt;
	|
&lt;/xsl:message&gt;</item>
	<item name="namespace-alias">namespace-alias stylesheet-prefix=&quot;|&quot; result-prefix=&quot;&quot;/&gt;</item>
	<item name="number">number value=&quot;|&quot;
	count=&quot;&quot;
	from =&quot;&quot;
	level=&quot;&quot;
	format=&quot;&quot;
	lang=&quot;&quot;
	letter-value=&quot;&quot;
	grouping-separator=&quot;&quot;
	grouping-size=&quot;&quot;/&gt;</item>
	<item name="otherwise">otherwise&gt;
	|
&lt;/xsl:otherwise/&gt;</item>
	<item name="output">output method=&quot;text&quot; indent=&quot;yes&quot;/&gt;|</item>
	<item name="output-full">output method=&quot;|&quot;
	version=&quot;&quot;
	encoding=&quot;&quot;
	omit-xml-declaration=&quot;yes&quot;
	standalone=&quot;yes&quot;
	doctype-public=&quot;&quot;
	doctype-system=&quot;&quot;
	cdata-section-elements=&quot;&quot;
	indent=&quot;yes&quot;
	media-type=&quot;&quot;/&gt;</item>
	<item name="param">param name=&quot;|&quot; select=&quot;&quot;/&gt;</item>
	<item name="param-template">param name=&quot;|&quot;&gt;
	
&lt;/xsl:param&gt;</item>
	<item name="preserve-space">preserve-space elements=&quot;|&quot;/&gt;</item>
	<item name="processing-instruction">processing-instruction name=&quot;|&quot;&gt;

&lt;/xsl:processing-instuction&gt;</item>
	<item name="sort">sort select=&quot;|&quot;/&gt;</item>
	<item name="sort-full">sort select=&quot;|&quot;
	data-type=&quot;text&quot;
	lang=&quot;&quot;
	order=&quot;ascending&quot;
	case-order=&quot;lower-first&quot;/&gt;</item>
	<item name="strip-space">strip-space elements=&quot;|&quot;/&gt;</item>
	<item name="stylesheet">stylesheet xmlns:xsl=&quot;http://www.w3.org/1999/XSL/Transform&quot; version=&quot;1.0&quot;&gt;
|
&lt;/xsl:stylesheet&gt;</item>
	<item name="stylesheet-template">stylesheet xmlns:xsl=&quot;http://www.w3.org/1999/XSL/Transform&quot; version=&quot;1.0&quot;&gt;

&lt;xsl:output method=&quot;text&quot; indent=&quot;yes&quot;/&gt;

&lt;xsl:template match=&quot;/&quot;&gt;
	|
&lt;/xsl:template&gt;

&lt;/xsl:stylesheet&gt;</item>
	<item name="template-match">template match=&quot;|&quot;&gt;

&lt;/xsl:template&gt;</item>
	<item name="template-name">template name=&quot;|&quot;&gt;

&lt;/xsl:template&gt;</item>
	<item name="text">text&gt;|&lt;/xsl:text&gt;</item>
	<item name="value-of">value-of select=&quot;|&quot;/&gt;</item>
	<item name="value-of-cdata">value-of select=&quot;|&quot; disable-output-escaping=&quot;yes&quot;/&gt;</item>
	<item name="variable">variable name=&quot;|&quot; select=&quot;&quot;/&gt;</item>
	<item name="variable-template">variable name=&quot;|&quot;&gt;
	
&lt;/xsl:variable&gt;</item>
	<item name="when">when test=&quot;|&quot;&gt;

&lt;/xsl:when&gt;</item>
	<item name="with-param">with-param name=&quot;|&quot; select=&quot;&quot;/&gt;</item>
	<item name="with-param-template">with-param name=&quot;|&quot;&gt;

&lt;/xsl:with-param&gt;</item>
</config>